{
  "project_info": {
    "project_number": "345262109067",
    "firebase_url": "https://trabalhot2-c4ab6.firebaseio.com",
    "project_id": "trabalhot2-c4ab6",
    "storage_bucket": "trabalhot2-c4ab6.appspot.com"
  },
  "client": [
    {
      "client_info": {
        "mobilesdk_app_id": "1:345262109067:android:8a020e73f25c239e",
        "android_client_info": {
          "package_name": "com.first.vmarq.trabalhot2"
        }
      },
      "oauth_client": [
        {
          "client_id": "345262109067-b45v5i19c6l6b5m7o1tpa2kht7fnmuvg.apps.googleusercontent.com",
          "client_type": 1,
          "android_info": {
            "package_name": "com.first.vmarq.trabalhot2",
            "certificate_hash": "f6e492a681d93860908af8d3279c0633a8ede9c8"
          }
        },
        {
          "client_id": "345262109067-2ni73atadk0tm912f4u61iatnssq90qo.apps.googleusercontent.com",
          "client_type": 3
        }
      ],
      "api_key": [
        {
          "current_key": "AIzaSyDakdQoboQLyQJMRGwE89Ka2d3-l4JFg_E"
        }
      ],
      "services": {
        "appinvite_service": {
          "other_platform_oauth_client": [
            {
              "client_id": "345262109067-2ni73atadk0tm912f4u61iatnssq90qo.apps.googleusercontent.com",
              "client_type": 3
            }
          ]
        }
      }
    }
  ],
  "configuration_version": "1"
}